0,127.0.0.1,10018,100.100.0.66,domain013
0,127.0.0.1,10016,100.100.0.99,domain008
1,127.0.0.1,10002,100.100.0.16,domain007
1,127.0.0.1,10016,100.100.0.34,domain014
1,127.0.0.1,10011,100.100.0.44,domain008
1,127.0.0.1,10012,100.100.0.63,domain011
1,127.0.0.1,10018,100.100.0.66,domain013
1,127.0.0.1,10005,100.100.0.72,domain012
1,127.0.0.1,10006,100.100.0.93,domain015
1,127.0.0.1,10016,100.100.0.99,domain008
2,127.0.0.1,10007,100.100.0.3,domain018
2,127.0.0.1,10005,100.100.0.16,domain007
2,127.0.0.1,10001,100.100.0.34,domain014
2,127.0.0.1,10016,100.100.0.44,domain008
2,127.0.0.1,10009,100.100.0.63,domain011
2,127.0.0.1,10017,100.100.0.66,domain013
2,127.0.0.1,10005,100.100.0.72,domain012
2,127.0.0.1,10006,100.100.0.93,domain015
2,127.0.0.1,10003,100.100.0.99,domain008
3,127.0.0.1,10015,100.100.0.3,domain018
3,127.0.0.1,10016,100.100.0.5,domain019
3,127.0.0.1,10012,100.100.0.16,domain007
3,127.0.0.1,10008,100.100.0.34,domain014
3,127.0.0.1,10009,100.100.0.35,domain013
3,127.0.0.1,10011,100.100.0.44,domain008
3,127.0.0.1,10012,100.100.0.63,domain011
3,127.0.0.1,10018,100.100.0.66,domain013
3,127.0.0.1,10001,100.100.0.72,domain012
3,127.0.0.1,10003,100.100.0.83,domain000
3,127.0.0.1,10009,100.100.0.93,domain015
3,127.0.0.1,10003,100.100.0.99,domain008
4,127.0.0.1,10006,100.100.0.3,domain018
4,127.0.0.1,10019,100.100.0.5,domain019
4,127.0.0.1,10001,100.100.0.16,domain007
4,127.0.0.1,10008,100.100.0.34,domain014
4,127.0.0.1,10006,100.100.0.35,domain013
4,127.0.0.1,10011,100.100.0.44,domain008
4,127.0.0.1,10018,100.100.0.49,domain013
4,127.0.0.1,10002,100.100.0.63,domain011
4,127.0.0.1,10017,100.100.0.66,domain013
4,127.0.0.1,10001,100.100.0.72,domain012
4,127.0.0.1,10003,100.100.0.83,domain000
4,127.0.0.1,10015,100.100.0.88,domain002
4,127.0.0.1,10009,100.100.0.93,domain015
4,127.0.0.1,10003,100.100.0.99,domain008
5,127.0.0.1,10002,100.100.0.3,domain018
5,127.0.0.1,10004,100.100.0.5,domain019
5,127.0.0.1,10005,100.100.0.16,domain007
5,127.0.0.1,10001,100.100.0.21,domain012
5,127.0.0.1,10014,100.100.0.34,domain014
5,127.0.0.1,10017,100.100.0.35,domain013
5,127.0.0.1,10005,100.100.0.43,domain006
5,127.0.0.1,10003,100.100.0.44,domain008
5,127.0.0.1,10003,100.100.0.45,domain000
5,127.0.0.1,10009,100.100.0.49,domain013
5,127.0.0.1,10009,100.100.0.63,domain011
5,127.0.0.1,10006,100.100.0.66,domain013
5,127.0.0.1,10001,100.100.0.69,domain012
5,127.0.0.1,10001,100.100.0.72,domain012
5,127.0.0.1,10014,100.100.0.83,domain000
5,127.0.0.1,10015,100.100.0.88,domain002
5,127.0.0.1,10019,100.100.0.93,domain015
5,127.0.0.1,10003,100.100.0.99,domain008
6,127.0.0.1,10002,100.100.0.3,domain018
6,127.0.0.1,10016,100.100.0.5,domain019
6,127.0.0.1,10002,100.100.0.12,domain006
6,127.0.0.1,10006,100.100.0.14,domain009
6,127.0.0.1,10005,100.100.0.16,domain007
6,127.0.0.1,10020,100.100.0.21,domain012
6,127.0.0.1,10016,100.100.0.34,domain014
6,127.0.0.1,10009,100.100.0.35,domain013
6,127.0.0.1,10005,100.100.0.43,domain006
6,127.0.0.1,10020,100.100.0.44,domain008
6,127.0.0.1,10012,100.100.0.45,domain000
6,127.0.0.1,10007,100.100.0.46,domain019
6,127.0.0.1,10006,100.100.0.49,domain013
6,127.0.0.1,10019,100.100.0.58,domain009
6,127.0.0.1,10002,100.100.0.61,domain010
6,127.0.0.1,10012,100.100.0.63,domain011
6,127.0.0.1,10009,100.100.0.66,domain013
6,127.0.0.1,10018,100.100.0.68,domain001
6,127.0.0.1,10005,100.100.0.69,domain012
6,127.0.0.1,10020,100.100.0.72,domain012
6,127.0.0.1,10014,100.100.0.75,domain016
6,127.0.0.1,10003,100.100.0.81,domain008
6,127.0.0.1,10012,100.100.0.83,domain000
6,127.0.0.1,10015,100.100.0.88,domain002
6,127.0.0.1,10009,100.100.0.93,domain015
6,127.0.0.1,10020,100.100.0.99,domain008
7,127.0.0.1,10014,100.100.0.1,domain016
7,127.0.0.1,10015,100.100.0.3,domain018
7,127.0.0.1,10007,100.100.0.5,domain019
7,127.0.0.1,10011,100.100.0.12,domain006
7,127.0.0.1,10019,100.100.0.14,domain009
7,127.0.0.1,10005,100.100.0.16,domain007
7,127.0.0.1,10020,100.100.0.21,domain012
7,127.0.0.1,10016,100.100.0.34,domain014
7,127.0.0.1,10009,100.100.0.35,domain013
7,127.0.0.1,10006,100.100.0.43,domain006
7,127.0.0.1,10011,100.100.0.44,domain008
7,127.0.0.1,10008,100.100.0.45,domain000
7,127.0.0.1,10004,100.100.0.46,domain019
7,127.0.0.1,10006,100.100.0.49,domain013
7,127.0.0.1,10006,100.100.0.58,domain009
7,127.0.0.1,10005,100.100.0.61,domain010
7,127.0.0.1,10012,100.100.0.63,domain011
7,127.0.0.1,10017,100.100.0.66,domain013
7,127.0.0.1,10020,100.100.0.67,domain017
7,127.0.0.1,10004,100.100.0.68,domain001
7,127.0.0.1,10002,100.100.0.69,domain012
7,127.0.0.1,10001,100.100.0.72,domain012
7,127.0.0.1,10004,100.100.0.75,domain016
7,127.0.0.1,10020,100.100.0.81,domain008
7,127.0.0.1,10003,100.100.0.83,domain000
7,127.0.0.1,10006,100.100.0.88,domain002
7,127.0.0.1,10017,100.100.0.93,domain015
7,127.0.0.1,10011,100.100.0.99,domain008
8,127.0.0.1,10004,100.100.0.1,domain016
8,127.0.0.1,10002,100.100.0.3,domain018
8,127.0.0.1,10016,100.100.0.5,domain019
8,127.0.0.1,10011,100.100.0.12,domain006
8,127.0.0.1,10019,100.100.0.14,domain009
8,127.0.0.1,10006,100.100.0.15,domain006
8,127.0.0.1,10002,100.100.0.16,domain007
8,127.0.0.1,10018,100.100.0.17,domain001
8,127.0.0.1,10005,100.100.0.21,domain012
8,127.0.0.1,10017,100.100.0.24,domain013
8,127.0.0.1,10018,100.100.0.27,domain001
8,127.0.0.1,10014,100.100.0.34,domain014
8,127.0.0.1,10009,100.100.0.35,domain013
8,127.0.0.1,10019,100.100.0.37,domain002
8,127.0.0.1,10019,100.100.0.39,domain004
8,127.0.0.1,10006,100.100.0.43,domain006
8,127.0.0.1,10011,100.100.0.44,domain008
8,127.0.0.1,10014,100.100.0.45,domain000
8,127.0.0.1,10019,100.100.0.46,domain019
8,127.0.0.1,10017,100.100.0.49,domain013
8,127.0.0.1,10012,100.100.0.58,domain009
8,127.0.0.1,10009,100.100.0.61,domain010
8,127.0.0.1,10012,100.100.0.63,domain011
8,127.0.0.1,10006,100.100.0.66,domain013
8,127.0.0.1,10002,100.100.0.67,domain017
8,127.0.0.1,10014,100.100.0.68,domain001
8,127.0.0.1,10002,100.100.0.69,domain012
8,127.0.0.1,10020,100.100.0.72,domain012
8,127.0.0.1,10004,100.100.0.75,domain016
8,127.0.0.1,10003,100.100.0.81,domain008
8,127.0.0.1,10014,100.100.0.83,domain000
8,127.0.0.1,10019,100.100.0.88,domain002
8,127.0.0.1,10017,100.100.0.93,domain015
8,127.0.0.1,10020,100.100.0.99,domain008
9,127.0.0.1,10010,100.100.0.1,domain016
9,127.0.0.1,10006,100.100.0.3,domain018
9,127.0.0.1,10004,100.100.0.5,domain019
9,127.0.0.1,10006,100.100.0.12,domain006
9,127.0.0.1,10006,100.100.0.14,domain009
9,127.0.0.1,10002,100.100.0.15,domain006
9,127.0.0.1,10002,100.100.0.16,domain007
9,127.0.0.1,10014,100.100.0.17,domain001
9,127.0.0.1,10002,100.100.0.21,domain012
9,127.0.0.1,10009,100.100.0.24,domain013
9,127.0.0.1,10018,100.100.0.27,domain001
9,127.0.0.1,10005,100.100.0.32,domain006
9,127.0.0.1,10014,100.100.0.34,domain014
9,127.0.0.1,10017,100.100.0.35,domain013
9,127.0.0.1,10008,100.100.0.37,domain002
9,127.0.0.1,10019,100.100.0.39,domain004
9,127.0.0.1,10005,100.100.0.42,domain012
9,127.0.0.1,10002,100.100.0.43,domain006
9,127.0.0.1,10020,100.100.0.44,domain008
9,127.0.0.1,10003,100.100.0.45,domain000
9,127.0.0.1,10004,100.100.0.46,domain019
9,127.0.0.1,10009,100.100.0.49,domain013
9,127.0.0.1,10006,100.100.0.55,domain006
9,127.0.0.1,10017,100.100.0.58,domain009
9,127.0.0.1,10009,100.100.0.61,domain010
9,127.0.0.1,10014,100.100.0.63,domain011
9,127.0.0.1,10002,100.100.0.65,domain006
9,127.0.0.1,10006,100.100.0.66,domain013
9,127.0.0.1,10020,100.100.0.67,domain017
9,127.0.0.1,10014,100.100.0.68,domain001
9,127.0.0.1,10005,100.100.0.69,domain012
9,127.0.0.1,10002,100.100.0.71,domain017
9,127.0.0.1,10005,100.100.0.72,domain012
9,127.0.0.1,10009,100.100.0.73,domain013
9,127.0.0.1,10014,100.100.0.75,domain016
9,127.0.0.1,10020,100.100.0.81,domain008
9,127.0.0.1,10008,100.100.0.83,domain000
9,127.0.0.1,10015,100.100.0.88,domain002
9,127.0.0.1,10009,100.100.0.93,domain015
9,127.0.0.1,10003,100.100.0.99,domain008
10,127.0.0.1,10010,100.100.0.1,domain016
10,127.0.0.1,10015,100.100.0.3,domain018
10,127.0.0.1,10016,100.100.0.5,domain019
10,127.0.0.1,10005,100.100.0.12,domain006
10,127.0.0.1,10017,100.100.0.14,domain009
10,127.0.0.1,10006,100.100.0.15,domain006
10,127.0.0.1,10005,100.100.0.16,domain007
10,127.0.0.1,10011,100.100.0.17,domain001
10,127.0.0.1,10005,100.100.0.21,domain012
10,127.0.0.1,10017,100.100.0.24,domain013
10,127.0.0.1,10011,100.100.0.27,domain001
10,127.0.0.1,10002,100.100.0.32,domain006
10,127.0.0.1,10008,100.100.0.34,domain014
10,127.0.0.1,10017,100.100.0.35,domain013
10,127.0.0.1,10015,100.100.0.37,domain002
10,127.0.0.1,10019,100.100.0.39,domain004
10,127.0.0.1,10005,100.100.0.42,domain012
10,127.0.0.1,10002,100.100.0.43,domain006
10,127.0.0.1,10011,100.100.0.44,domain008
10,127.0.0.1,10014,100.100.0.45,domain000
10,127.0.0.1,10016,100.100.0.46,domain019
10,127.0.0.1,10017,100.100.0.49,domain013
10,127.0.0.1,10002,100.100.0.55,domain006
10,127.0.0.1,10012,100.100.0.58,domain009
10,127.0.0.1,10009,100.100.0.61,domain010
10,127.0.0.1,10014,100.100.0.63,domain011
10,127.0.0.1,10005,100.100.0.65,domain006
10,127.0.0.1,10009,100.100.0.66,domain013
10,127.0.0.1,10020,100.100.0.67,domain017
10,127.0.0.1,10011,100.100.0.68,domain001
10,127.0.0.1,10001,100.100.0.69,domain012
10,127.0.0.1,10017,100.100.0.71,domain017
10,127.0.0.1,10001,100.100.0.72,domain012
10,127.0.0.1,10018,100.100.0.73,domain013
10,127.0.0.1,10017,100.100.0.75,domain016
10,127.0.0.1,10003,100.100.0.81,domain008
10,127.0.0.1,10014,100.100.0.83,domain000
10,127.0.0.1,10015,100.100.0.88,domain002
10,127.0.0.1,10009,100.100.0.93,domain015
10,127.0.0.1,10011,100.100.0.99,domain008
11,127.0.0.1,10007,100.100.0.0,domain019
11,127.0.0.1,10014,100.100.0.1,domain016
11,127.0.0.1,10007,100.100.0.3,domain018
11,127.0.0.1,10004,100.100.0.5,domain019
11,127.0.0.1,10002,100.100.0.12,domain006
11,127.0.0.1,10017,100.100.0.14,domain009
11,127.0.0.1,10005,100.100.0.15,domain006
11,127.0.0.1,10002,100.100.0.16,domain007
11,127.0.0.1,10014,100.100.0.17,domain001
11,127.0.0.1,10002,100.100.0.21,domain012
11,127.0.0.1,10017,100.100.0.24,domain013
11,127.0.0.1,10004,100.100.0.27,domain001
11,127.0.0.1,10006,100.100.0.31,domain006
11,127.0.0.1,10005,100.100.0.32,domain006
11,127.0.0.1,10014,100.100.0.34,domain014
11,127.0.0.1,10018,100.100.0.35,domain013
11,127.0.0.1,10002,100.100.0.36,domain018
11,127.0.0.1,10019,100.100.0.37,domain002
11,127.0.0.1,10020,100.100.0.39,domain004
11,127.0.0.1,10005,100.100.0.42,domain012
11,127.0.0.1,10005,100.100.0.43,domain006
11,127.0.0.1,10020,100.100.0.44,domain008
11,127.0.0.1,10012,100.100.0.45,domain000
11,127.0.0.1,10004,100.100.0.46,domain019
11,127.0.0.1,10006,100.100.0.49,domain013
11,127.0.0.1,10002,100.100.0.55,domain006
11,127.0.0.1,10012,100.100.0.58,domain009
11,127.0.0.1,10002,100.100.0.61,domain010
11,127.0.0.1,10017,100.100.0.62,domain013
11,127.0.0.1,10002,100.100.0.63,domain011
11,127.0.0.1,10006,100.100.0.65,domain006
11,127.0.0.1,10009,100.100.0.66,domain013
11,127.0.0.1,10017,100.100.0.67,domain017
11,127.0.0.1,10011,100.100.0.68,domain001
11,127.0.0.1,10005,100.100.0.69,domain012
11,127.0.0.1,10016,100.100.0.71,domain017
11,127.0.0.1,10002,100.100.0.72,domain012
11,127.0.0.1,10017,100.100.0.73,domain013
11,127.0.0.1,10017,100.100.0.75,domain016
11,127.0.0.1,10020,100.100.0.81,domain008
11,127.0.0.1,10003,100.100.0.83,domain000
11,127.0.0.1,10009,100.100.0.87,domain004
11,127.0.0.1,10008,100.100.0.88,domain002
11,127.0.0.1,10001,100.100.0.90,domain014
11,127.0.0.1,10019,100.100.0.93,domain015
11,127.0.0.1,10003,100.100.0.99,domain008
12,127.0.0.1,10016,100.100.0.0,domain019
12,127.0.0.1,10017,100.100.0.1,domain016
12,127.0.0.1,10006,100.100.0.3,domain018
12,127.0.0.1,10004,100.100.0.5,domain019
12,127.0.0.1,10006,100.100.0.12,domain006
12,127.0.0.1,10017,100.100.0.14,domain009
12,127.0.0.1,10006,100.100.0.15,domain006
12,127.0.0.1,10002,100.100.0.16,domain007
12,127.0.0.1,10018,100.100.0.17,domain001
12,127.0.0.1,10020,100.100.0.21,domain012
12,127.0.0.1,10009,100.100.0.24,domain013
12,127.0.0.1,10014,100.100.0.27,domain001
12,127.0.0.1,10006,100.100.0.31,domain006
12,127.0.0.1,10002,100.100.0.32,domain006
12,127.0.0.1,10016,100.100.0.34,domain014
12,127.0.0.1,10006,100.100.0.35,domain013
12,127.0.0.1,10015,100.100.0.36,domain018
12,127.0.0.1,10006,100.100.0.37,domain002
12,127.0.0.1,10020,100.100.0.39,domain004
12,127.0.0.1,10001,100.100.0.42,domain012
12,127.0.0.1,10006,100.100.0.43,domain006
12,127.0.0.1,10016,100.100.0.44,domain008
12,127.0.0.1,10014,100.100.0.45,domain000
12,127.0.0.1,10019,100.100.0.46,domain019
12,127.0.0.1,10006,100.100.0.49,domain013
12,127.0.0.1,10003,100.100.0.52,domain000
12,127.0.0.1,10006,100.100.0.55,domain006
12,127.0.0.1,10019,100.100.0.58,domain009
12,127.0.0.1,10009,100.100.0.61,domain010
12,127.0.0.1,10018,100.100.0.62,domain013
12,127.0.0.1,10012,100.100.0.63,domain011
12,127.0.0.1,10017,100.100.0.64,domain005
12,127.0.0.1,10011,100.100.0.65,domain006
12,127.0.0.1,10018,100.100.0.66,domain013
12,127.0.0.1,10017,100.100.0.67,domain017
12,127.0.0.1,10014,100.100.0.68,domain001
12,127.0.0.1,10020,100.100.0.69,domain012
12,127.0.0.1,10016,100.100.0.71,domain017
12,127.0.0.1,10020,100.100.0.72,domain012
12,127.0.0.1,10018,100.100.0.73,domain013
12,127.0.0.1,10004,100.100.0.75,domain016
12,127.0.0.1,10003,100.100.0.81,domain008
12,127.0.0.1,10014,100.100.0.83,domain000
12,127.0.0.1,10020,100.100.0.87,domain004
12,127.0.0.1,10015,100.100.0.88,domain002
12,127.0.0.1,10008,100.100.0.90,domain014
12,127.0.0.1,10009,100.100.0.93,domain015
12,127.0.0.1,10020,100.100.0.99,domain008
13,127.0.0.1,10019,100.100.0.0,domain019
13,127.0.0.1,10004,100.100.0.1,domain016
13,127.0.0.1,10007,100.100.0.3,domain018
13,127.0.0.1,10016,100.100.0.5,domain019
13,127.0.0.1,10002,100.100.0.12,domain006
13,127.0.0.1,10019,100.100.0.14,domain009
13,127.0.0.1,10005,100.100.0.15,domain006
13,127.0.0.1,10001,100.100.0.16,domain007
13,127.0.0.1,10004,100.100.0.17,domain001
13,127.0.0.1,10001,100.100.0.21,domain012
13,127.0.0.1,10017,100.100.0.24,domain013
13,127.0.0.1,10010,100.100.0.25,domain016
13,127.0.0.1,10014,100.100.0.27,domain001
13,127.0.0.1,10005,100.100.0.31,domain006
13,127.0.0.1,10011,100.100.0.32,domain006
13,127.0.0.1,10001,100.100.0.34,domain014
13,127.0.0.1,10009,100.100.0.35,domain013
13,127.0.0.1,10006,100.100.0.36,domain018
13,127.0.0.1,10006,100.100.0.37,domain002
13,127.0.0.1,10019,100.100.0.39,domain004
13,127.0.0.1,10001,100.100.0.42,domain012
13,127.0.0.1,10005,100.100.0.43,domain006
13,127.0.0.1,10011,100.100.0.44,domain008
13,127.0.0.1,10003,100.100.0.45,domain000
13,127.0.0.1,10004,100.100.0.46,domain019
13,127.0.0.1,10006,100.100.0.49,domain013
13,127.0.0.1,10012,100.100.0.52,domain000
13,127.0.0.1,10011,100.100.0.55,domain006
13,127.0.0.1,10017,100.100.0.58,domain009
13,127.0.0.1,10005,100.100.0.61,domain010
13,127.0.0.1,10017,100.100.0.62,domain013
13,127.0.0.1,10014,100.100.0.63,domain011
13,127.0.0.1,10011,100.100.0.64,domain005
13,127.0.0.1,10011,100.100.0.65,domain006
13,127.0.0.1,10006,100.100.0.66,domain013
13,127.0.0.1,10016,100.100.0.67,domain017
13,127.0.0.1,10011,100.100.0.68,domain001
13,127.0.0.1,10001,100.100.0.69,domain012
13,127.0.0.1,10020,100.100.0.71,domain017
13,127.0.0.1,10002,100.100.0.72,domain012
13,127.0.0.1,10018,100.100.0.73,domain013
13,127.0.0.1,10004,100.100.0.75,domain016
13,127.0.0.1,10003,100.100.0.81,domain008
13,127.0.0.1,10003,100.100.0.83,domain000
13,127.0.0.1,10009,100.100.0.87,domain004
13,127.0.0.1,10019,100.100.0.88,domain002
13,127.0.0.1,10001,100.100.0.90,domain014
13,127.0.0.1,10017,100.100.0.93,domain015
13,127.0.0.1,10011,100.100.0.99,domain008
14,127.0.0.1,10004,100.100.0.0,domain019
14,127.0.0.1,10017,100.100.0.1,domain016
14,127.0.0.1,10017,100.100.0.2,domain013
14,127.0.0.1,10015,100.100.0.3,domain018
14,127.0.0.1,10019,100.100.0.5,domain019
14,127.0.0.1,10006,100.100.0.12,domain006
14,127.0.0.1,10009,100.100.0.13,domain003
14,127.0.0.1,10012,100.100.0.14,domain009
14,127.0.0.1,10005,100.100.0.15,domain006
14,127.0.0.1,10001,100.100.0.16,domain007
14,127.0.0.1,10014,100.100.0.17,domain001
14,127.0.0.1,10001,100.100.0.19,domain012
14,127.0.0.1,10001,100.100.0.21,domain012
14,127.0.0.1,10018,100.100.0.24,domain013
14,127.0.0.1,10017,100.100.0.25,domain016
14,127.0.0.1,10014,100.100.0.27,domain001
14,127.0.0.1,10005,100.100.0.31,domain006
14,127.0.0.1,10006,100.100.0.32,domain006
14,127.0.0.1,10001,100.100.0.34,domain014
14,127.0.0.1,10017,100.100.0.35,domain013
14,127.0.0.1,10006,100.100.0.36,domain018
14,127.0.0.1,10006,100.100.0.37,domain002
14,127.0.0.1,10008,100.100.0.39,domain004
14,127.0.0.1,10002,100.100.0.42,domain012
14,127.0.0.1,10005,100.100.0.43,domain006
14,127.0.0.1,10003,100.100.0.44,domain008
14,127.0.0.1,10003,100.100.0.45,domain000
14,127.0.0.1,10016,100.100.0.46,domain019
14,127.0.0.1,10017,100.100.0.49,domain013
14,127.0.0.1,10008,100.100.0.52,domain000
14,127.0.0.1,10019,100.100.0.53,domain019
14,127.0.0.1,10006,100.100.0.55,domain006
14,127.0.0.1,10012,100.100.0.58,domain009
14,127.0.0.1,10002,100.100.0.61,domain010
14,127.0.0.1,10009,100.100.0.62,domain013
14,127.0.0.1,10009,100.100.0.63,domain011
14,127.0.0.1,10004,100.100.0.64,domain005
14,127.0.0.1,10002,100.100.0.65,domain006
14,127.0.0.1,10009,100.100.0.66,domain013
14,127.0.0.1,10020,100.100.0.67,domain017
14,127.0.0.1,10011,100.100.0.68,domain001
14,127.0.0.1,10001,100.100.0.69,domain012
14,127.0.0.1,10020,100.100.0.71,domain017
14,127.0.0.1,10002,100.100.0.72,domain012
14,127.0.0.1,10009,100.100.0.73,domain013
14,127.0.0.1,10005,100.100.0.74,domain012
14,127.0.0.1,10010,100.100.0.75,domain016
14,127.0.0.1,10020,100.100.0.81,domain008
14,127.0.0.1,10008,100.100.0.83,domain000
14,127.0.0.1,10008,100.100.0.87,domain004
14,127.0.0.1,10019,100.100.0.88,domain002
14,127.0.0.1,10001,100.100.0.90,domain014
14,127.0.0.1,10006,100.100.0.93,domain015
14,127.0.0.1,10018,100.100.0.96,domain001
14,127.0.0.1,10003,100.100.0.99,domain008
15,127.0.0.1,10019,100.100.0.0,domain019
15,127.0.0.1,10010,100.100.0.1,domain016
15,127.0.0.1,10009,100.100.0.2,domain013
15,127.0.0.1,10007,100.100.0.3,domain018
15,127.0.0.1,10007,100.100.0.5,domain019
15,127.0.0.1,10002,100.100.0.12,domain006
15,127.0.0.1,10001,100.100.0.13,domain003
15,127.0.0.1,10019,100.100.0.14,domain009
15,127.0.0.1,10011,100.100.0.15,domain006
15,127.0.0.1,10002,100.100.0.16,domain007
15,127.0.0.1,10014,100.100.0.17,domain001
15,127.0.0.1,10001,100.100.0.19,domain012
15,127.0.0.1,10005,100.100.0.21,domain012
15,127.0.0.1,10006,100.100.0.24,domain013
15,127.0.0.1,10014,100.100.0.25,domain016
15,127.0.0.1,10011,100.100.0.27,domain001
15,127.0.0.1,10002,100.100.0.31,domain006
15,127.0.0.1,10002,100.100.0.32,domain006
15,127.0.0.1,10014,100.100.0.34,domain014
15,127.0.0.1,10018,100.100.0.35,domain013
15,127.0.0.1,10002,100.100.0.36,domain018
15,127.0.0.1,10006,100.100.0.37,domain002
15,127.0.0.1,10009,100.100.0.39,domain004
15,127.0.0.1,10020,100.100.0.42,domain012
15,127.0.0.1,10005,100.100.0.43,domain006
15,127.0.0.1,10011,100.100.0.44,domain008
15,127.0.0.1,10008,100.100.0.45,domain000
15,127.0.0.1,10016,100.100.0.46,domain019
15,127.0.0.1,10017,100.100.0.49,domain013
15,127.0.0.1,10012,100.100.0.52,domain000
15,127.0.0.1,10016,100.100.0.53,domain019
15,127.0.0.1,10011,100.100.0.55,domain006
15,127.0.0.1,10006,100.100.0.58,domain009
15,127.0.0.1,10002,100.100.0.59,domain018
15,127.0.0.1,10011,100.100.0.60,domain001
15,127.0.0.1,10015,100.100.0.61,domain010
15,127.0.0.1,10018,100.100.0.62,domain013
15,127.0.0.1,10009,100.100.0.63,domain011
15,127.0.0.1,10017,100.100.0.64,domain005
15,127.0.0.1,10002,100.100.0.65,domain006
15,127.0.0.1,10006,100.100.0.66,domain013
15,127.0.0.1,10002,100.100.0.67,domain017
15,127.0.0.1,10004,100.100.0.68,domain001
15,127.0.0.1,10005,100.100.0.69,domain012
15,127.0.0.1,10002,100.100.0.71,domain017
15,127.0.0.1,10020,100.100.0.72,domain012
15,127.0.0.1,10009,100.100.0.73,domain013
15,127.0.0.1,10001,100.100.0.74,domain012
15,127.0.0.1,10004,100.100.0.75,domain016
15,127.0.0.1,10011,100.100.0.81,domain008
15,127.0.0.1,10012,100.100.0.83,domain000
15,127.0.0.1,10017,100.100.0.86,domain009
15,127.0.0.1,10020,100.100.0.87,domain004
15,127.0.0.1,10019,100.100.0.88,domain002
15,127.0.0.1,10016,100.100.0.90,domain014
15,127.0.0.1,10006,100.100.0.93,domain015
15,127.0.0.1,10018,100.100.0.96,domain001
15,127.0.0.1,10003,100.100.0.99,domain008
16,127.0.0.1,10019,100.100.0.0,domain019
16,127.0.0.1,10014,100.100.0.1,domain016
16,127.0.0.1,10006,100.100.0.2,domain013
16,127.0.0.1,10002,100.100.0.3,domain018
16,127.0.0.1,10007,100.100.0.5,domain019
16,127.0.0.1,10005,100.100.0.12,domain006
16,127.0.0.1,10009,100.100.0.13,domain003
16,127.0.0.1,10012,100.100.0.14,domain009
16,127.0.0.1,10011,100.100.0.15,domain006
16,127.0.0.1,10012,100.100.0.16,domain007
16,127.0.0.1,10018,100.100.0.17,domain001
16,127.0.0.1,10005,100.100.0.19,domain012
16,127.0.0.1,10020,100.100.0.21,domain012
16,127.0.0.1,10018,100.100.0.24,domain013
16,127.0.0.1,10017,100.100.0.25,domain016
16,127.0.0.1,10018,100.100.0.27,domain001
16,127.0.0.1,10002,100.100.0.31,domain006
16,127.0.0.1,10006,100.100.0.32,domain006
16,127.0.0.1,10014,100.100.0.34,domain014
16,127.0.0.1,10009,100.100.0.35,domain013
16,127.0.0.1,10015,100.100.0.36,domain018
16,127.0.0.1,10008,100.100.0.37,domain002
16,127.0.0.1,10020,100.100.0.39,domain004
16,127.0.0.1,10005,100.100.0.42,domain012
16,127.0.0.1,10006,100.100.0.43,domain006
16,127.0.0.1,10011,100.100.0.44,domain008
16,127.0.0.1,10008,100.100.0.45,domain000
16,127.0.0.1,10016,100.100.0.46,domain019
16,127.0.0.1,10018,100.100.0.49,domain013
16,127.0.0.1,10012,100.100.0.52,domain000
16,127.0.0.1,10016,100.100.0.53,domain019
16,127.0.0.1,10006,100.100.0.55,domain006
16,127.0.0.1,10017,100.100.0.58,domain009
16,127.0.0.1,10015,100.100.0.59,domain018
16,127.0.0.1,10018,100.100.0.60,domain001
16,127.0.0.1,10015,100.100.0.61,domain010
16,127.0.0.1,10017,100.100.0.62,domain013
16,127.0.0.1,10002,100.100.0.63,domain011
16,127.0.0.1,10017,100.100.0.64,domain005
16,127.0.0.1,10005,100.100.0.65,domain006
16,127.0.0.1,10018,100.100.0.66,domain013
16,127.0.0.1,10020,100.100.0.67,domain017
16,127.0.0.1,10014,100.100.0.68,domain001
16,127.0.0.1,10020,100.100.0.69,domain012
16,127.0.0.1,10020,100.100.0.71,domain017
16,127.0.0.1,10020,100.100.0.72,domain012
16,127.0.0.1,10017,100.100.0.73,domain013
16,127.0.0.1,10001,100.100.0.74,domain012
16,127.0.0.1,10004,100.100.0.75,domain016
16,127.0.0.1,10002,100.100.0.78,domain012
16,127.0.0.1,10016,100.100.0.81,domain008
16,127.0.0.1,10003,100.100.0.83,domain000
16,127.0.0.1,10019,100.100.0.86,domain009
16,127.0.0.1,10008,100.100.0.87,domain004
16,127.0.0.1,10015,100.100.0.88,domain002
16,127.0.0.1,10001,100.100.0.90,domain014
16,127.0.0.1,10009,100.100.0.93,domain015
16,127.0.0.1,10018,100.100.0.96,domain001
16,127.0.0.1,10020,100.100.0.99,domain008
17,127.0.0.1,10004,100.100.0.0,domain019
17,127.0.0.1,10010,100.100.0.1,domain016
17,127.0.0.1,10006,100.100.0.2,domain013
17,127.0.0.1,10007,100.100.0.3,domain018
17,127.0.0.1,10004,100.100.0.5,domain019
17,127.0.0.1,10002,100.100.0.11,domain010
17,127.0.0.1,10002,100.100.0.12,domain006
17,127.0.0.1,10009,100.100.0.13,domain003
17,127.0.0.1,10012,100.100.0.14,domain009
17,127.0.0.1,10006,100.100.0.15,domain006
17,127.0.0.1,10005,100.100.0.16,domain007
17,127.0.0.1,10011,100.100.0.17,domain001
17,127.0.0.1,10020,100.100.0.19,domain012
17,127.0.0.1,10005,100.100.0.21,domain012
17,127.0.0.1,10012,100.100.0.23,domain007
17,127.0.0.1,10018,100.100.0.24,domain013
17,127.0.0.1,10017,100.100.0.25,domain016
17,127.0.0.1,10014,100.100.0.27,domain001
17,127.0.0.1,10002,100.100.0.31,domain006
17,127.0.0.1,10002,100.100.0.32,domain006
17,127.0.0.1,10008,100.100.0.34,domain014
17,127.0.0.1,10018,100.100.0.35,domain013
17,127.0.0.1,10006,100.100.0.36,domain018
17,127.0.0.1,10006,100.100.0.37,domain002
17,127.0.0.1,10009,100.100.0.39,domain004
17,127.0.0.1,10002,100.100.0.40,domain018
17,127.0.0.1,10005,100.100.0.42,domain012
17,127.0.0.1,10011,100.100.0.43,domain006
17,127.0.0.1,10016,100.100.0.44,domain008
17,127.0.0.1,10008,100.100.0.45,domain000
17,127.0.0.1,10007,100.100.0.46,domain019
17,127.0.0.1,10018,100.100.0.49,domain013
17,127.0.0.1,10014,100.100.0.52,domain000
17,127.0.0.1,10016,100.100.0.53,domain019
17,127.0.0.1,10011,100.100.0.55,domain006
17,127.0.0.1,10005,100.100.0.57,domain007
17,127.0.0.1,10019,100.100.0.58,domain009
17,127.0.0.1,10006,100.100.0.59,domain018
17,127.0.0.1,10018,100.100.0.60,domain001
17,127.0.0.1,10015,100.100.0.61,domain010
17,127.0.0.1,10018,100.100.0.62,domain013
17,127.0.0.1,10014,100.100.0.63,domain011
17,127.0.0.1,10011,100.100.0.64,domain005
17,127.0.0.1,10005,100.100.0.65,domain006
17,127.0.0.1,10017,100.100.0.66,domain013
17,127.0.0.1,10020,100.100.0.67,domain017
17,127.0.0.1,10018,100.100.0.68,domain001
17,127.0.0.1,10002,100.100.0.69,domain012
17,127.0.0.1,10002,100.100.0.71,domain017
17,127.0.0.1,10020,100.100.0.72,domain012
17,127.0.0.1,10017,100.100.0.73,domain013
17,127.0.0.1,10002,100.100.0.74,domain012
17,127.0.0.1,10004,100.100.0.75,domain016
17,127.0.0.1,10002,100.100.0.78,domain012
17,127.0.0.1,10003,100.100.0.81,domain008
17,127.0.0.1,10003,100.100.0.83,domain000
17,127.0.0.1,10019,100.100.0.86,domain009
17,127.0.0.1,10019,100.100.0.87,domain004
17,127.0.0.1,10008,100.100.0.88,domain002
17,127.0.0.1,10016,100.100.0.90,domain014
17,127.0.0.1,10019,100.100.0.93,domain015
17,127.0.0.1,10004,100.100.0.96,domain001
17,127.0.0.1,10011,100.100.0.99,domain008
18,127.0.0.1,10007,100.100.0.0,domain019
18,127.0.0.1,10014,100.100.0.1,domain016
18,127.0.0.1,10009,100.100.0.2,domain013
18,127.0.0.1,10015,100.100.0.3,domain018
18,127.0.0.1,10019,100.100.0.5,domain019
18,127.0.0.1,10002,100.100.0.6,domain006
18,127.0.0.1,10005,100.100.0.11,domain010
18,127.0.0.1,10002,100.100.0.12,domain006
18,127.0.0.1,10008,100.100.0.13,domain003
18,127.0.0.1,10017,100.100.0.14,domain009
18,127.0.0.1,10011,100.100.0.15,domain006
18,127.0.0.1,10001,100.100.0.16,domain007
18,127.0.0.1,10018,100.100.0.17,domain001
18,127.0.0.1,10015,100.100.0.18,domain003
18,127.0.0.1,10002,100.100.0.19,domain012
18,127.0.0.1,10004,100.100.0.20,domain001
18,127.0.0.1,10001,100.100.0.21,domain012
18,127.0.0.1,10002,100.100.0.23,domain007
18,127.0.0.1,10009,100.100.0.24,domain013
18,127.0.0.1,10017,100.100.0.25,domain016
18,127.0.0.1,10004,100.100.0.27,domain001
18,127.0.0.1,10011,100.100.0.31,domain006
18,127.0.0.1,10002,100.100.0.32,domain006
18,127.0.0.1,10001,100.100.0.34,domain014
18,127.0.0.1,10017,100.100.0.35,domain013
18,127.0.0.1,10002,100.100.0.36,domain018
18,127.0.0.1,10015,100.100.0.37,domain002
18,127.0.0.1,10009,100.100.0.39,domain004
18,127.0.0.1,10002,100.100.0.40,domain018
18,127.0.0.1,10020,100.100.0.42,domain012
18,127.0.0.1,10002,100.100.0.43,domain006
18,127.0.0.1,10011,100.100.0.44,domain008
18,127.0.0.1,10014,100.100.0.45,domain000
18,127.0.0.1,10007,100.100.0.46,domain019
18,127.0.0.1,10018,100.100.0.49,domain013
18,127.0.0.1,10014,100.100.0.52,domain000
18,127.0.0.1,10019,100.100.0.53,domain019
18,127.0.0.1,10005,100.100.0.55,domain006
18,127.0.0.1,10005,100.100.0.57,domain007
18,127.0.0.1,10012,100.100.0.58,domain009
18,127.0.0.1,10007,100.100.0.59,domain018
18,127.0.0.1,10004,100.100.0.60,domain001
18,127.0.0.1,10015,100.100.0.61,domain010
18,127.0.0.1,10006,100.100.0.62,domain013
18,127.0.0.1,10002,100.100.0.63,domain011
18,127.0.0.1,10017,100.100.0.64,domain005
18,127.0.0.1,10011,100.100.0.65,domain006
18,127.0.0.1,10018,100.100.0.66,domain013
18,127.0.0.1,10020,100.100.0.67,domain017
18,127.0.0.1,10018,100.100.0.68,domain001
18,127.0.0.1,10001,100.100.0.69,domain012
18,127.0.0.1,10017,100.100.0.71,domain017
18,127.0.0.1,10002,100.100.0.72,domain012
18,127.0.0.1,10009,100.100.0.73,domain013
18,127.0.0.1,10005,100.100.0.74,domain012
18,127.0.0.1,10004,100.100.0.75,domain016
18,127.0.0.1,10001,100.100.0.78,domain012
18,127.0.0.1,10003,100.100.0.81,domain008
18,127.0.0.1,10008,100.100.0.83,domain000
18,127.0.0.1,10019,100.100.0.86,domain009
18,127.0.0.1,10019,100.100.0.87,domain004
18,127.0.0.1,10015,100.100.0.88,domain002
18,127.0.0.1,10008,100.100.0.90,domain014
18,127.0.0.1,10017,100.100.0.93,domain015
18,127.0.0.1,10004,100.100.0.96,domain001
18,127.0.0.1,10020,100.100.0.99,domain008
19,127.0.0.1,10007,100.100.0.0,domain019
19,127.0.0.1,10017,100.100.0.1,domain016
19,127.0.0.1,10006,100.100.0.2,domain013
19,127.0.0.1,10006,100.100.0.3,domain018
19,127.0.0.1,10016,100.100.0.5,domain019
19,127.0.0.1,10006,100.100.0.6,domain006
19,127.0.0.1,10005,100.100.0.9,domain007
19,127.0.0.1,10015,100.100.0.11,domain010
19,127.0.0.1,10006,100.100.0.12,domain006
19,127.0.0.1,10001,100.100.0.13,domain003
19,127.0.0.1,10019,100.100.0.14,domain009
19,127.0.0.1,10011,100.100.0.15,domain006
19,127.0.0.1,10002,100.100.0.16,domain007
19,127.0.0.1,10011,100.100.0.17,domain001
19,127.0.0.1,10001,100.100.0.18,domain003
19,127.0.0.1,10005,100.100.0.19,domain012
19,127.0.0.1,10004,100.100.0.20,domain001
19,127.0.0.1,10005,100.100.0.21,domain012
19,127.0.0.1,10002,100.100.0.23,domain007
19,127.0.0.1,10018,100.100.0.24,domain013
19,127.0.0.1,10010,100.100.0.25,domain016
19,127.0.0.1,10014,100.100.0.27,domain001
19,127.0.0.1,10011,100.100.0.28,domain008
19,127.0.0.1,10011,100.100.0.31,domain006
19,127.0.0.1,10011,100.100.0.32,domain006
19,127.0.0.1,10016,100.100.0.34,domain014
19,127.0.0.1,10006,100.100.0.35,domain013
19,127.0.0.1,10006,100.100.0.36,domain018
19,127.0.0.1,10019,100.100.0.37,domain002
19,127.0.0.1,10009,100.100.0.39,domain004
19,127.0.0.1,10006,100.100.0.40,domain018
19,127.0.0.1,10005,100.100.0.42,domain012
19,127.0.0.1,10006,100.100.0.43,domain006
19,127.0.0.1,10011,100.100.0.44,domain008
19,127.0.0.1,10008,100.100.0.45,domain000
19,127.0.0.1,10016,100.100.0.46,domain019
19,127.0.0.1,10017,100.100.0.49,domain013
19,127.0.0.1,10008,100.100.0.52,domain000
19,127.0.0.1,10016,100.100.0.53,domain019
19,127.0.0.1,10011,100.100.0.55,domain006
19,127.0.0.1,10005,100.100.0.57,domain007
19,127.0.0.1,10006,100.100.0.58,domain009
19,127.0.0.1,10006,100.100.0.59,domain018
19,127.0.0.1,10014,100.100.0.60,domain001
19,127.0.0.1,10015,100.100.0.61,domain010
19,127.0.0.1,10018,100.100.0.62,domain013
19,127.0.0.1,10009,100.100.0.63,domain011
19,127.0.0.1,10004,100.100.0.64,domain005
19,127.0.0.1,10006,100.100.0.65,domain006
19,127.0.0.1,10018,100.100.0.66,domain013
19,127.0.0.1,10017,100.100.0.67,domain017
19,127.0.0.1,10004,100.100.0.68,domain001
19,127.0.0.1,10002,100.100.0.69,domain012
19,127.0.0.1,10009,100.100.0.70,domain004
19,127.0.0.1,10017,100.100.0.71,domain017
19,127.0.0.1,10005,100.100.0.72,domain012
19,127.0.0.1,10006,100.100.0.73,domain013
19,127.0.0.1,10002,100.100.0.74,domain012
19,127.0.0.1,10010,100.100.0.75,domain016
19,127.0.0.1,10001,100.100.0.78,domain012
19,127.0.0.1,10011,100.100.0.80,domain005
19,127.0.0.1,10020,100.100.0.81,domain008
19,127.0.0.1,10012,100.100.0.83,domain000
19,127.0.0.1,10017,100.100.0.86,domain009
19,127.0.0.1,10020,100.100.0.87,domain004
19,127.0.0.1,10015,100.100.0.88,domain002
19,127.0.0.1,10016,100.100.0.90,domain014
19,127.0.0.1,10001,100.100.0.91,domain007
19,127.0.0.1,10009,100.100.0.93,domain015
19,127.0.0.1,10011,100.100.0.96,domain001
19,127.0.0.1,10011,100.100.0.99,domain008
20,127.0.0.1,10019,100.100.0.0,domain019
20,127.0.0.1,10017,100.100.0.1,domain016
20,127.0.0.1,10006,100.100.0.2,domain013
20,127.0.0.1,10015,100.100.0.3,domain018
20,127.0.0.1,10016,100.100.0.5,domain019
20,127.0.0.1,10011,100.100.0.6,domain006
20,127.0.0.1,10018,100.100.0.8,domain013
20,127.0.0.1,10005,100.100.0.9,domain007
20,127.0.0.1,10005,100.100.0.11,domain010
20,127.0.0.1,10005,100.100.0.12,domain006
20,127.0.0.1,10008,100.100.0.13,domain003
20,127.0.0.1,10012,100.100.0.14,domain009
20,127.0.0.1,10005,100.100.0.15,domain006
20,127.0.0.1,10001,100.100.0.16,domain007
20,127.0.0.1,10004,100.100.0.17,domain001
20,127.0.0.1,10008,100.100.0.18,domain003
20,127.0.0.1,10002,100.100.0.19,domain012
20,127.0.0.1,10014,100.100.0.20,domain001
20,127.0.0.1,10020,100.100.0.21,domain012
20,127.0.0.1,10004,100.100.0.22,domain001
20,127.0.0.1,10002,100.100.0.23,domain007
20,127.0.0.1,10017,100.100.0.24,domain013
20,127.0.0.1,10010,100.100.0.25,domain016
20,127.0.0.1,10018,100.100.0.27,domain001
20,127.0.0.1,10016,100.100.0.28,domain008
20,127.0.0.1,10011,100.100.0.31,domain006
20,127.0.0.1,10005,100.100.0.32,domain006
20,127.0.0.1,10001,100.100.0.34,domain014
20,127.0.0.1,10006,100.100.0.35,domain013
20,127.0.0.1,10015,100.100.0.36,domain018
20,127.0.0.1,10006,100.100.0.37,domain002
20,127.0.0.1,10009,100.100.0.39,domain004
20,127.0.0.1,10002,100.100.0.40,domain018
20,127.0.0.1,10002,100.100.0.42,domain012
20,127.0.0.1,10002,100.100.0.43,domain006
20,127.0.0.1,10020,100.100.0.44,domain008
20,127.0.0.1,10003,100.100.0.45,domain000
20,127.0.0.1,10016,100.100.0.46,domain019
20,127.0.0.1,10018,100.100.0.49,domain013
20,127.0.0.1,10003,100.100.0.52,domain000
20,127.0.0.1,10007,100.100.0.53,domain019
20,127.0.0.1,10012,100.100.0.54,domain009
20,127.0.0.1,10002,100.100.0.55,domain006
20,127.0.0.1,10005,100.100.0.57,domain007
20,127.0.0.1,10006,100.100.0.58,domain009
20,127.0.0.1,10006,100.100.0.59,domain018
20,127.0.0.1,10011,100.100.0.60,domain001
20,127.0.0.1,10015,100.100.0.61,domain010
20,127.0.0.1,10006,100.100.0.62,domain013
20,127.0.0.1,10014,100.100.0.63,domain011
20,127.0.0.1,10011,100.100.0.64,domain005
20,127.0.0.1,10005,100.100.0.65,domain006
20,127.0.0.1,10018,100.100.0.66,domain013
20,127.0.0.1,10016,100.100.0.67,domain017
20,127.0.0.1,10011,100.100.0.68,domain001
20,127.0.0.1,10002,100.100.0.69,domain012
20,127.0.0.1,10020,100.100.0.70,domain004
20,127.0.0.1,10016,100.100.0.71,domain017
20,127.0.0.1,10001,100.100.0.72,domain012
20,127.0.0.1,10006,100.100.0.73,domain013
20,127.0.0.1,10001,100.100.0.74,domain012
20,127.0.0.1,10017,100.100.0.75,domain016
20,127.0.0.1,10010,100.100.0.76,domain016
20,127.0.0.1,10020,100.100.0.78,domain012
20,127.0.0.1,10009,100.100.0.79,domain004
20,127.0.0.1,10004,100.100.0.80,domain005
20,127.0.0.1,10016,100.100.0.81,domain008
20,127.0.0.1,10014,100.100.0.83,domain000
20,127.0.0.1,10017,100.100.0.86,domain009
20,127.0.0.1,10009,100.100.0.87,domain004
20,127.0.0.1,10019,100.100.0.88,domain002
20,127.0.0.1,10008,100.100.0.90,domain014
20,127.0.0.1,10012,100.100.0.91,domain007
20,127.0.0.1,10006,100.100.0.93,domain015
20,127.0.0.1,10014,100.100.0.96,domain001
20,127.0.0.1,10005,100.100.0.97,domain012
20,127.0.0.1,10020,100.100.0.99,domain008
21,127.0.0.1,10007,100.100.0.0,domain019
21,127.0.0.1,10004,100.100.0.1,domain016
21,127.0.0.1,10018,100.100.0.2,domain013
21,127.0.0.1,10015,100.100.0.3,domain018
21,127.0.0.1,10007,100.100.0.5,domain019
21,127.0.0.1,10006,100.100.0.6,domain006
21,127.0.0.1,10018,100.100.0.8,domain013
21,127.0.0.1,10002,100.100.0.9,domain007
21,127.0.0.1,10005,100.100.0.11,domain010
21,127.0.0.1,10011,100.100.0.12,domain006
21,127.0.0.1,10015,100.100.0.13,domain003
21,127.0.0.1,10012,100.100.0.14,domain009
21,127.0.0.1,10005,100.100.0.15,domain006
21,127.0.0.1,10001,100.100.0.16,domain007
21,127.0.0.1,10004,100.100.0.17,domain001
21,127.0.0.1,10008,100.100.0.18,domain003
21,127.0.0.1,10005,100.100.0.19,domain012
21,127.0.0.1,10018,100.100.0.20,domain001
21,127.0.0.1,10005,100.100.0.21,domain012
21,127.0.0.1,10011,100.100.0.22,domain001
21,127.0.0.1,10012,100.100.0.23,domain007
21,127.0.0.1,10006,100.100.0.24,domain013
21,127.0.0.1,10004,100.100.0.25,domain016
21,127.0.0.1,10003,100.100.0.26,domain008
21,127.0.0.1,10018,100.100.0.27,domain001
21,127.0.0.1,10003,100.100.0.28,domain008
21,127.0.0.1,10002,100.100.0.31,domain006
21,127.0.0.1,10011,100.100.0.32,domain006
21,127.0.0.1,10001,100.100.0.34,domain014
21,127.0.0.1,10017,100.100.0.35,domain013
21,127.0.0.1,10015,100.100.0.36,domain018
21,127.0.0.1,10006,100.100.0.37,domain002
21,127.0.0.1,10019,100.100.0.38,domain009
21,127.0.0.1,10008,100.100.0.39,domain004
21,127.0.0.1,10006,100.100.0.40,domain018
21,127.0.0.1,10005,100.100.0.42,domain012
21,127.0.0.1,10006,100.100.0.43,domain006
21,127.0.0.1,10020,100.100.0.44,domain008
21,127.0.0.1,10003,100.100.0.45,domain000
21,127.0.0.1,10019,100.100.0.46,domain019
21,127.0.0.1,10017,100.100.0.49,domain013
21,127.0.0.1,10003,100.100.0.52,domain000
21,127.0.0.1,10019,100.100.0.53,domain019
21,127.0.0.1,10006,100.100.0.54,domain009
21,127.0.0.1,10005,100.100.0.55,domain006
21,127.0.0.1,10012,100.100.0.57,domain007
21,127.0.0.1,10017,100.100.0.58,domain009
21,127.0.0.1,10015,100.100.0.59,domain018
21,127.0.0.1,10014,100.100.0.60,domain001
21,127.0.0.1,10005,100.100.0.61,domain010
21,127.0.0.1,10009,100.100.0.62,domain013
21,127.0.0.1,10012,100.100.0.63,domain011
21,127.0.0.1,10011,100.100.0.64,domain005
21,127.0.0.1,10006,100.100.0.65,domain006
21,127.0.0.1,10009,100.100.0.66,domain013
21,127.0.0.1,10002,100.100.0.67,domain017
21,127.0.0.1,10004,100.100.0.68,domain001
21,127.0.0.1,10005,100.100.0.69,domain012
21,127.0.0.1,10020,100.100.0.70,domain004
21,127.0.0.1,10017,100.100.0.71,domain017
21,127.0.0.1,10002,100.100.0.72,domain012
21,127.0.0.1,10017,100.100.0.73,domain013
21,127.0.0.1,10020,100.100.0.74,domain012
21,127.0.0.1,10017,100.100.0.75,domain016
21,127.0.0.1,10010,100.100.0.76,domain016
21,127.0.0.1,10005,100.100.0.78,domain012
21,127.0.0.1,10008,100.100.0.79,domain004
21,127.0.0.1,10004,100.100.0.80,domain005
21,127.0.0.1,10020,100.100.0.81,domain008
21,127.0.0.1,10014,100.100.0.83,domain000
21,127.0.0.1,10006,100.100.0.86,domain009
21,127.0.0.1,10009,100.100.0.87,domain004
21,127.0.0.1,10015,100.100.0.88,domain002
21,127.0.0.1,10001,100.100.0.90,domain014
21,127.0.0.1,10005,100.100.0.91,domain007
21,127.0.0.1,10009,100.100.0.93,domain015
21,127.0.0.1,10011,100.100.0.96,domain001
21,127.0.0.1,10002,100.100.0.97,domain012
21,127.0.0.1,10011,100.100.0.99,domain008
22,127.0.0.1,10016,100.100.0.0,domain019
22,127.0.0.1,10017,100.100.0.1,domain016
22,127.0.0.1,10009,100.100.0.2,domain013
22,127.0.0.1,10006,100.100.0.3,domain018
22,127.0.0.1,10007,100.100.0.5,domain019
22,127.0.0.1,10002,100.100.0.6,domain006
22,127.0.0.1,10017,100.100.0.8,domain013
22,127.0.0.1,10012,100.100.0.9,domain007
22,127.0.0.1,10009,100.100.0.11,domain010
22,127.0.0.1,10006,100.100.0.12,domain006
22,127.0.0.1,10015,100.100.0.13,domain003
22,127.0.0.1,10017,100.100.0.14,domain009
22,127.0.0.1,10002,100.100.0.15,domain006
22,127.0.0.1,10001,100.100.0.16,domain007
22,127.0.0.1,10011,100.100.0.17,domain001
22,127.0.0.1,10008,100.100.0.18,domain003
22,127.0.0.1,10020,100.100.0.19,domain012
22,127.0.0.1,10018,100.100.0.20,domain001
22,127.0.0.1,10001,100.100.0.21,domain012
22,127.0.0.1,10011,100.100.0.22,domain001
22,127.0.0.1,10012,100.100.0.23,domain007
22,127.0.0.1,10009,100.100.0.24,domain013
22,127.0.0.1,10010,100.100.0.25,domain016
22,127.0.0.1,10003,100.100.0.26,domain008
22,127.0.0.1,10011,100.100.0.27,domain001
22,127.0.0.1,10003,100.100.0.28,domain008
22,127.0.0.1,10006,100.100.0.31,domain006
22,127.0.0.1,10002,100.100.0.32,domain006
22,127.0.0.1,10008,100.100.0.34,domain014
22,127.0.0.1,10018,100.100.0.35,domain013
22,127.0.0.1,10015,100.100.0.36,domain018
22,127.0.0.1,10015,100.100.0.37,domain002
22,127.0.0.1,10019,100.100.0.38,domain009
22,127.0.0.1,10009,100.100.0.39,domain004
22,127.0.0.1,10015,100.100.0.40,domain018
22,127.0.0.1,10005,100.100.0.42,domain012
22,127.0.0.1,10006,100.100.0.43,domain006
22,127.0.0.1,10011,100.100.0.44,domain008
22,127.0.0.1,10014,100.100.0.45,domain000
22,127.0.0.1,10004,100.100.0.46,domain019
22,127.0.0.1,10009,100.100.0.49,domain013
22,127.0.0.1,10008,100.100.0.52,domain000
22,127.0.0.1,10007,100.100.0.53,domain019
22,127.0.0.1,10019,100.100.0.54,domain009
22,127.0.0.1,10002,100.100.0.55,domain006
22,127.0.0.1,10002,100.100.0.57,domain007
22,127.0.0.1,10006,100.100.0.58,domain009
22,127.0.0.1,10015,100.100.0.59,domain018
22,127.0.0.1,10004,100.100.0.60,domain001
22,127.0.0.1,10015,100.100.0.61,domain010
22,127.0.0.1,10009,100.100.0.62,domain013
22,127.0.0.1,10009,100.100.0.63,domain011
22,127.0.0.1,10004,100.100.0.64,domain005
22,127.0.0.1,10006,100.100.0.65,domain006
22,127.0.0.1,10006,100.100.0.66,domain013
22,127.0.0.1,10002,100.100.0.67,domain017
22,127.0.0.1,10004,100.100.0.68,domain001
22,127.0.0.1,10002,100.100.0.69,domain012
22,127.0.0.1,10008,100.100.0.70,domain004
22,127.0.0.1,10017,100.100.0.71,domain017
22,127.0.0.1,10001,100.100.0.72,domain012
22,127.0.0.1,10009,100.100.0.73,domain013
22,127.0.0.1,10001,100.100.0.74,domain012
22,127.0.0.1,10004,100.100.0.75,domain016
22,127.0.0.1,10014,100.100.0.76,domain016
22,127.0.0.1,10002,100.100.0.78,domain012
22,127.0.0.1,10009,100.100.0.79,domain004
22,127.0.0.1,10016,100.100.0.80,domain005
22,127.0.0.1,10016,100.100.0.81,domain008
22,127.0.0.1,10019,100.100.0.82,domain002
22,127.0.0.1,10003,100.100.0.83,domain000
22,127.0.0.1,10012,100.100.0.86,domain009
22,127.0.0.1,10020,100.100.0.87,domain004
22,127.0.0.1,10008,100.100.0.88,domain002
22,127.0.0.1,10008,100.100.0.90,domain014
22,127.0.0.1,10012,100.100.0.91,domain007
22,127.0.0.1,10009,100.100.0.93,domain015
22,127.0.0.1,10018,100.100.0.96,domain001
22,127.0.0.1,10020,100.100.0.97,domain012
22,127.0.0.1,10016,100.100.0.99,domain008
23,127.0.0.1,10004,100.100.0.0,domain019
23,127.0.0.1,10017,100.100.0.1,domain016
23,127.0.0.1,10018,100.100.0.2,domain013
23,127.0.0.1,10002,100.100.0.3,domain018
23,127.0.0.1,10019,100.100.0.5,domain019
23,127.0.0.1,10002,100.100.0.6,domain006
23,127.0.0.1,10009,100.100.0.8,domain013
23,127.0.0.1,10001,100.100.0.9,domain007
23,127.0.0.1,10009,100.100.0.11,domain010
23,127.0.0.1,10005,100.100.0.12,domain006
23,127.0.0.1,10001,100.100.0.13,domain003
23,127.0.0.1,10019,100.100.0.14,domain009
23,127.0.0.1,10011,100.100.0.15,domain006
23,127.0.0.1,10012,100.100.0.16,domain007
23,127.0.0.1,10018,100.100.0.17,domain001
23,127.0.0.1,10009,100.100.0.18,domain003
23,127.0.0.1,10001,100.100.0.19,domain012
23,127.0.0.1,10011,100.100.0.20,domain001
23,127.0.0.1,10005,100.100.0.21,domain012
23,127.0.0.1,10004,100.100.0.22,domain001
23,127.0.0.1,10001,100.100.0.23,domain007
23,127.0.0.1,10009,100.100.0.24,domain013
23,127.0.0.1,10004,100.100.0.25,domain016
23,127.0.0.1,10011,100.100.0.26,domain008
23,127.0.0.1,10004,100.100.0.27,domain001
23,127.0.0.1,10011,100.100.0.28,domain008
23,127.0.0.1,10002,100.100.0.31,domain006
23,127.0.0.1,10011,100.100.0.32,domain006
23,127.0.0.1,10014,100.100.0.34,domain014
23,127.0.0.1,10018,100.100.0.35,domain013
23,127.0.0.1,10007,100.100.0.36,domain018
23,127.0.0.1,10006,100.100.0.37,domain002
23,127.0.0.1,10006,100.100.0.38,domain009
23,127.0.0.1,10020,100.100.0.39,domain004
23,127.0.0.1,10006,100.100.0.40,domain018
23,127.0.0.1,10002,100.100.0.42,domain012
23,127.0.0.1,10002,100.100.0.43,domain006
23,127.0.0.1,10020,100.100.0.44,domain008
23,127.0.0.1,10014,100.100.0.45,domain000
23,127.0.0.1,10007,100.100.0.46,domain019
23,127.0.0.1,10018,100.100.0.49,domain013
23,127.0.0.1,10011,100.100.0.51,domain006
23,127.0.0.1,10012,100.100.0.52,domain000
23,127.0.0.1,10016,100.100.0.53,domain019
23,127.0.0.1,10012,100.100.0.54,domain009
23,127.0.0.1,10002,100.100.0.55,domain006
23,127.0.0.1,10012,100.100.0.57,domain007
23,127.0.0.1,10019,100.100.0.58,domain009
23,127.0.0.1,10006,100.100.0.59,domain018
23,127.0.0.1,10004,100.100.0.60,domain001
23,127.0.0.1,10002,100.100.0.61,domain010
23,127.0.0.1,10017,100.100.0.62,domain013
23,127.0.0.1,10009,100.100.0.63,domain011
23,127.0.0.1,10016,100.100.0.64,domain005
23,127.0.0.1,10005,100.100.0.65,domain006
23,127.0.0.1,10009,100.100.0.66,domain013
23,127.0.0.1,10020,100.100.0.67,domain017
23,127.0.0.1,10018,100.100.0.68,domain001
23,127.0.0.1,10020,100.100.0.69,domain012
23,127.0.0.1,10008,100.100.0.70,domain004
23,127.0.0.1,10017,100.100.0.71,domain017
23,127.0.0.1,10001,100.100.0.72,domain012
23,127.0.0.1,10017,100.100.0.73,domain013
23,127.0.0.1,10002,100.100.0.74,domain012
23,127.0.0.1,10010,100.100.0.75,domain016
23,127.0.0.1,10017,100.100.0.76,domain016
23,127.0.0.1,10005,100.100.0.78,domain012
23,127.0.0.1,10009,100.100.0.79,domain004
23,127.0.0.1,10004,100.100.0.80,domain005
23,127.0.0.1,10011,100.100.0.81,domain008
23,127.0.0.1,10019,100.100.0.82,domain002
23,127.0.0.1,10012,100.100.0.83,domain000
23,127.0.0.1,10015,100.100.0.84,domain002
23,127.0.0.1,10016,100.100.0.85,domain008
23,127.0.0.1,10017,100.100.0.86,domain009
23,127.0.0.1,10020,100.100.0.87,domain004
23,127.0.0.1,10008,100.100.0.88,domain002
23,127.0.0.1,10016,100.100.0.90,domain014
23,127.0.0.1,10002,100.100.0.91,domain007
23,127.0.0.1,10006,100.100.0.93,domain015
23,127.0.0.1,10011,100.100.0.96,domain001
23,127.0.0.1,10002,100.100.0.97,domain012
23,127.0.0.1,10016,100.100.0.99,domain008
24,127.0.0.1,10016,100.100.0.0,domain019
24,127.0.0.1,10010,100.100.0.1,domain016
24,127.0.0.1,10017,100.100.0.2,domain013
24,127.0.0.1,10015,100.100.0.3,domain018
24,127.0.0.1,10019,100.100.0.5,domain019
24,127.0.0.1,10002,100.100.0.6,domain006
24,127.0.0.1,10017,100.100.0.8,domain013
24,127.0.0.1,10012,100.100.0.9,domain007
24,127.0.0.1,10015,100.100.0.11,domain010
24,127.0.0.1,10011,100.100.0.12,domain006
24,127.0.0.1,10009,100.100.0.13,domain003
24,127.0.0.1,10012,100.100.0.14,domain009
24,127.0.0.1,10006,100.100.0.15,domain006
24,127.0.0.1,10001,100.100.0.16,domain007
24,127.0.0.1,10014,100.100.0.17,domain001
24,127.0.0.1,10001,100.100.0.18,domain003
24,127.0.0.1,10002,100.100.0.19,domain012
24,127.0.0.1,10014,100.100.0.20,domain001
24,127.0.0.1,10002,100.100.0.21,domain012
24,127.0.0.1,10011,100.100.0.22,domain001
24,127.0.0.1,10005,100.100.0.23,domain007
24,127.0.0.1,10017,100.100.0.24,domain013
24,127.0.0.1,10017,100.100.0.25,domain016
24,127.0.0.1,10020,100.100.0.26,domain008
24,127.0.0.1,10004,100.100.0.27,domain001
24,127.0.0.1,10011,100.100.0.28,domain008
24,127.0.0.1,10005,100.100.0.31,domain006
24,127.0.0.1,10005,100.100.0.32,domain006
24,127.0.0.1,10014,100.100.0.34,domain014
24,127.0.0.1,10017,100.100.0.35,domain013
24,127.0.0.1,10015,100.100.0.36,domain018
24,127.0.0.1,10019,100.100.0.37,domain002
24,127.0.0.1,10019,100.100.0.38,domain009
24,127.0.0.1,10019,100.100.0.39,domain004
24,127.0.0.1,10006,100.100.0.40,domain018
24,127.0.0.1,10010,100.100.0.41,domain016
24,127.0.0.1,10005,100.100.0.42,domain012
24,127.0.0.1,10006,100.100.0.43,domain006
24,127.0.0.1,10016,100.100.0.44,domain008
24,127.0.0.1,10012,100.100.0.45,domain000
24,127.0.0.1,10016,100.100.0.46,domain019
24,127.0.0.1,10018,100.100.0.49,domain013
24,127.0.0.1,10011,100.100.0.51,domain006
24,127.0.0.1,10003,100.100.0.52,domain000
24,127.0.0.1,10007,100.100.0.53,domain019
24,127.0.0.1,10012,100.100.0.54,domain009
24,127.0.0.1,10011,100.100.0.55,domain006
24,127.0.0.1,10012,100.100.0.57,domain007
24,127.0.0.1,10006,100.100.0.58,domain009
24,127.0.0.1,10006,100.100.0.59,domain018
24,127.0.0.1,10011,100.100.0.60,domain001
24,127.0.0.1,10009,100.100.0.61,domain010
24,127.0.0.1,10009,100.100.0.62,domain013
24,127.0.0.1,10009,100.100.0.63,domain011
24,127.0.0.1,10017,100.100.0.64,domain005
24,127.0.0.1,10002,100.100.0.65,domain006
24,127.0.0.1,10018,100.100.0.66,domain013
24,127.0.0.1,10016,100.100.0.67,domain017
24,127.0.0.1,10014,100.100.0.68,domain001
24,127.0.0.1,10001,100.100.0.69,domain012
24,127.0.0.1,10009,100.100.0.70,domain004
24,127.0.0.1,10002,100.100.0.71,domain017
24,127.0.0.1,10002,100.100.0.72,domain012
24,127.0.0.1,10017,100.100.0.73,domain013
24,127.0.0.1,10005,100.100.0.74,domain012
24,127.0.0.1,10014,100.100.0.75,domain016
24,127.0.0.1,10010,100.100.0.76,domain016
24,127.0.0.1,10016,100.100.0.77,domain017
24,127.0.0.1,10020,100.100.0.78,domain012
24,127.0.0.1,10009,100.100.0.79,domain004
24,127.0.0.1,10004,100.100.0.80,domain005
24,127.0.0.1,10016,100.100.0.81,domain008
24,127.0.0.1,10008,100.100.0.82,domain002
24,127.0.0.1,10008,100.100.0.83,domain000
24,127.0.0.1,10006,100.100.0.84,domain002
24,127.0.0.1,10016,100.100.0.85,domain008
24,127.0.0.1,10012,100.100.0.86,domain009
24,127.0.0.1,10008,100.100.0.87,domain004
24,127.0.0.1,10015,100.100.0.88,domain002
24,127.0.0.1,10016,100.100.0.90,domain014
24,127.0.0.1,10001,100.100.0.91,domain007
24,127.0.0.1,10019,100.100.0.93,domain015
24,127.0.0.1,10018,100.100.0.96,domain001
24,127.0.0.1,10020,100.100.0.97,domain012
24,127.0.0.1,10020,100.100.0.99,domain008
25,127.0.0.1,10019,100.100.0.0,domain019
25,127.0.0.1,10014,100.100.0.1,domain016
25,127.0.0.1,10009,100.100.0.2,domain013
25,127.0.0.1,10015,100.100.0.3,domain018
25,127.0.0.1,10004,100.100.0.4,domain016
25,127.0.0.1,10019,100.100.0.5,domain019
25,127.0.0.1,10005,100.100.0.6,domain006
25,127.0.0.1,10006,100.100.0.8,domain013
25,127.0.0.1,10005,100.100.0.9,domain007
25,127.0.0.1,10012,100.100.0.10,domain011
25,127.0.0.1,10009,100.100.0.11,domain010
25,127.0.0.1,10011,100.100.0.12,domain006
25,127.0.0.1,10009,100.100.0.13,domain003
25,127.0.0.1,10019,100.100.0.14,domain009
25,127.0.0.1,10011,100.100.0.15,domain006
25,127.0.0.1,10002,100.100.0.16,domain007
25,127.0.0.1,10004,100.100.0.17,domain001
25,127.0.0.1,10001,100.100.0.18,domain003
25,127.0.0.1,10020,100.100.0.19,domain012
25,127.0.0.1,10018,100.100.0.20,domain001
25,127.0.0.1,10005,100.100.0.21,domain012
25,127.0.0.1,10004,100.100.0.22,domain001
25,127.0.0.1,10005,100.100.0.23,domain007
25,127.0.0.1,10009,100.100.0.24,domain013
25,127.0.0.1,10017,100.100.0.25,domain016
25,127.0.0.1,10011,100.100.0.26,domain008
25,127.0.0.1,10018,100.100.0.27,domain001
25,127.0.0.1,10011,100.100.0.28,domain008
25,127.0.0.1,10005,100.100.0.30,domain007
25,127.0.0.1,10011,100.100.0.31,domain006
25,127.0.0.1,10011,100.100.0.32,domain006
25,127.0.0.1,10001,100.100.0.34,domain014
25,127.0.0.1,10009,100.100.0.35,domain013
25,127.0.0.1,10007,100.100.0.36,domain018
25,127.0.0.1,10006,100.100.0.37,domain002
25,127.0.0.1,10012,100.100.0.38,domain009
25,127.0.0.1,10009,100.100.0.39,domain004
25,127.0.0.1,10007,100.100.0.40,domain018
25,127.0.0.1,10014,100.100.0.41,domain016
25,127.0.0.1,10001,100.100.0.42,domain012
25,127.0.0.1,10002,100.100.0.43,domain006
25,127.0.0.1,10003,100.100.0.44,domain008
25,127.0.0.1,10008,100.100.0.45,domain000
25,127.0.0.1,10007,100.100.0.46,domain019
25,127.0.0.1,10006,100.100.0.49,domain013
25,127.0.0.1,10005,100.100.0.51,domain006
25,127.0.0.1,10014,100.100.0.52,domain000
25,127.0.0.1,10016,100.100.0.53,domain019
25,127.0.0.1,10012,100.100.0.54,domain009
25,127.0.0.1,10006,100.100.0.55,domain006
25,127.0.0.1,10001,100.100.0.57,domain007
25,127.0.0.1,10019,100.100.0.58,domain009
25,127.0.0.1,10007,100.100.0.59,domain018
25,127.0.0.1,10011,100.100.0.60,domain001
25,127.0.0.1,10002,100.100.0.61,domain010
25,127.0.0.1,10009,100.100.0.62,domain013
25,127.0.0.1,10014,100.100.0.63,domain011
25,127.0.0.1,10011,100.100.0.64,domain005
25,127.0.0.1,10002,100.100.0.65,domain006
25,127.0.0.1,10006,100.100.0.66,domain013
25,127.0.0.1,10002,100.100.0.67,domain017
25,127.0.0.1,10014,100.100.0.68,domain001
25,127.0.0.1,10005,100.100.0.69,domain012
25,127.0.0.1,10019,100.100.0.70,domain004
25,127.0.0.1,10002,100.100.0.71,domain017
25,127.0.0.1,10020,100.100.0.72,domain012
25,127.0.0.1,10018,100.100.0.73,domain013
25,127.0.0.1,10020,100.100.0.74,domain012
25,127.0.0.1,10004,100.100.0.75,domain016
25,127.0.0.1,10014,100.100.0.76,domain016
25,127.0.0.1,10017,100.100.0.77,domain017
25,127.0.0.1,10001,100.100.0.78,domain012
25,127.0.0.1,10009,100.100.0.79,domain004
25,127.0.0.1,10016,100.100.0.80,domain005
25,127.0.0.1,10003,100.100.0.81,domain008
25,127.0.0.1,10019,100.100.0.82,domain002
25,127.0.0.1,10014,100.100.0.83,domain000
25,127.0.0.1,10006,100.100.0.84,domain002
25,127.0.0.1,10011,100.100.0.85,domain008
25,127.0.0.1,10017,100.100.0.86,domain009
25,127.0.0.1,10008,100.100.0.87,domain004
25,127.0.0.1,10019,100.100.0.88,domain002
25,127.0.0.1,10014,100.100.0.90,domain014
25,127.0.0.1,10001,100.100.0.91,domain007
25,127.0.0.1,10002,100.100.0.92,domain012
25,127.0.0.1,10006,100.100.0.93,domain015
25,127.0.0.1,10011,100.100.0.96,domain001
25,127.0.0.1,10005,100.100.0.97,domain012
25,127.0.0.1,10015,100.100.0.98,domain018
25,127.0.0.1,10003,100.100.0.99,domain008
26,127.0.0.1,10019,100.100.0.0,domain019
26,127.0.0.1,10010,100.100.0.1,domain016
26,127.0.0.1,10017,100.100.0.2,domain013
26,127.0.0.1,10015,100.100.0.3,domain018
26,127.0.0.1,10010,100.100.0.4,domain016
26,127.0.0.1,10007,100.100.0.5,domain019
26,127.0.0.1,10011,100.100.0.6,domain006
26,127.0.0.1,10009,100.100.0.8,domain013
26,127.0.0.1,10005,100.100.0.9,domain007
26,127.0.0.1,10009,100.100.0.10,domain011
26,127.0.0.1,10009,100.100.0.11,domain010
26,127.0.0.1,10005,100.100.0.12,domain006
26,127.0.0.1,10009,100.100.0.13,domain003
26,127.0.0.1,10006,100.100.0.14,domain009
26,127.0.0.1,10006,100.100.0.15,domain006
26,127.0.0.1,10012,100.100.0.16,domain007
26,127.0.0.1,10004,100.100.0.17,domain001
26,127.0.0.1,10009,100.100.0.18,domain003
26,127.0.0.1,10002,100.100.0.19,domain012
26,127.0.0.1,10011,100.100.0.20,domain001
26,127.0.0.1,10001,100.100.0.21,domain012
26,127.0.0.1,10011,100.100.0.22,domain001
26,127.0.0.1,10012,100.100.0.23,domain007
26,127.0.0.1,10009,100.100.0.24,domain013
26,127.0.0.1,10010,100.100.0.25,domain016
26,127.0.0.1,10020,100.100.0.26,domain008
26,127.0.0.1,10011,100.100.0.27,domain001
26,127.0.0.1,10003,100.100.0.28,domain008
26,127.0.0.1,10005,100.100.0.30,domain007
26,127.0.0.1,10006,100.100.0.31,domain006
26,127.0.0.1,10011,100.100.0.32,domain006
26,127.0.0.1,10016,100.100.0.34,domain014
26,127.0.0.1,10017,100.100.0.35,domain013
26,127.0.0.1,10006,100.100.0.36,domain018
26,127.0.0.1,10008,100.100.0.37,domain002
26,127.0.0.1,10017,100.100.0.38,domain009
26,127.0.0.1,10019,100.100.0.39,domain004
26,127.0.0.1,10006,100.100.0.40,domain018
26,127.0.0.1,10010,100.100.0.41,domain016
26,127.0.0.1,10005,100.100.0.42,domain012
26,127.0.0.1,10002,100.100.0.43,domain006
26,127.0.0.1,10011,100.100.0.44,domain008
26,127.0.0.1,10012,100.100.0.45,domain000
26,127.0.0.1,10019,100.100.0.46,domain019
26,127.0.0.1,10004,100.100.0.48,domain019
26,127.0.0.1,10006,100.100.0.49,domain013
26,127.0.0.1,10005,100.100.0.51,domain006
26,127.0.0.1,10012,100.100.0.52,domain000
26,127.0.0.1,10004,100.100.0.53,domain019
26,127.0.0.1,10012,100.100.0.54,domain009
26,127.0.0.1,10011,100.100.0.55,domain006
26,127.0.0.1,10001,100.100.0.57,domain007
26,127.0.0.1,10006,100.100.0.58,domain009
26,127.0.0.1,10015,100.100.0.59,domain018
26,127.0.0.1,10018,100.100.0.60,domain001
26,127.0.0.1,10005,100.100.0.61,domain010
26,127.0.0.1,10017,100.100.0.62,domain013
26,127.0.0.1,10012,100.100.0.63,domain011
26,127.0.0.1,10017,100.100.0.64,domain005
26,127.0.0.1,10005,100.100.0.65,domain006
26,127.0.0.1,10018,100.100.0.66,domain013
26,127.0.0.1,10016,100.100.0.67,domain017
26,127.0.0.1,10011,100.100.0.68,domain001
26,127.0.0.1,10020,100.100.0.69,domain012
26,127.0.0.1,10020,100.100.0.70,domain004
26,127.0.0.1,10020,100.100.0.71,domain017
26,127.0.0.1,10002,100.100.0.72,domain012
26,127.0.0.1,10017,100.100.0.73,domain013
26,127.0.0.1,10001,100.100.0.74,domain012
26,127.0.0.1,10004,100.100.0.75,domain016
26,127.0.0.1,10010,100.100.0.76,domain016
26,127.0.0.1,10002,100.100.0.77,domain017
26,127.0.0.1,10005,100.100.0.78,domain012
26,127.0.0.1,10019,100.100.0.79,domain004
26,127.0.0.1,10004,100.100.0.80,domain005
26,127.0.0.1,10020,100.100.0.81,domain008
26,127.0.0.1,10006,100.100.0.82,domain002
26,127.0.0.1,10003,100.100.0.83,domain000
26,127.0.0.1,10015,100.100.0.84,domain002
26,127.0.0.1,10020,100.100.0.85,domain008
26,127.0.0.1,10012,100.100.0.86,domain009
26,127.0.0.1,10008,100.100.0.87,domain004
26,127.0.0.1,10006,100.100.0.88,domain002
26,127.0.0.1,10008,100.100.0.89,domain003
26,127.0.0.1,10016,100.100.0.90,domain014
26,127.0.0.1,10012,100.100.0.91,domain007
26,127.0.0.1,10005,100.100.0.92,domain012
26,127.0.0.1,10017,100.100.0.93,domain015
26,127.0.0.1,10004,100.100.0.96,domain001
26,127.0.0.1,10020,100.100.0.97,domain012
26,127.0.0.1,10015,100.100.0.98,domain018
26,127.0.0.1,10003,100.100.0.99,domain008
27,127.0.0.1,10004,100.100.0.0,domain019
27,127.0.0.1,10010,100.100.0.1,domain016
27,127.0.0.1,10006,100.100.0.2,domain013
27,127.0.0.1,10007,100.100.0.3,domain018
27,127.0.0.1,10014,100.100.0.4,domain016
27,127.0.0.1,10019,100.100.0.5,domain019
27,127.0.0.1,10011,100.100.0.6,domain006
27,127.0.0.1,10018,100.100.0.8,domain013
27,127.0.0.1,10002,100.100.0.9,domain007
27,127.0.0.1,10014,100.100.0.10,domain011
27,127.0.0.1,10015,100.100.0.11,domain010
27,127.0.0.1,10005,100.100.0.12,domain006
27,127.0.0.1,10015,100.100.0.13,domain003
27,127.0.0.1,10012,100.100.0.14,domain009
27,127.0.0.1,10006,100.100.0.15,domain006
27,127.0.0.1,10002,100.100.0.16,domain007
27,127.0.0.1,10014,100.100.0.17,domain001
27,127.0.0.1,10015,100.100.0.18,domain003
27,127.0.0.1,10020,100.100.0.19,domain012
27,127.0.0.1,10011,100.100.0.20,domain001
27,127.0.0.1,10001,100.100.0.21,domain012
27,127.0.0.1,10004,100.100.0.22,domain001
27,127.0.0.1,10012,100.100.0.23,domain007
27,127.0.0.1,10018,100.100.0.24,domain013
27,127.0.0.1,10017,100.100.0.25,domain016
27,127.0.0.1,10020,100.100.0.26,domain008
27,127.0.0.1,10014,100.100.0.27,domain001
27,127.0.0.1,10020,100.100.0.28,domain008
27,127.0.0.1,10002,100.100.0.29,domain010
27,127.0.0.1,10002,100.100.0.30,domain007
27,127.0.0.1,10011,100.100.0.31,domain006
27,127.0.0.1,10011,100.100.0.32,domain006
27,127.0.0.1,10008,100.100.0.34,domain014
27,127.0.0.1,10018,100.100.0.35,domain013
27,127.0.0.1,10015,100.100.0.36,domain018
27,127.0.0.1,10015,100.100.0.37,domain002
27,127.0.0.1,10017,100.100.0.38,domain009
27,127.0.0.1,10020,100.100.0.39,domain004
27,127.0.0.1,10007,100.100.0.40,domain018
27,127.0.0.1,10010,100.100.0.41,domain016
27,127.0.0.1,10005,100.100.0.42,domain012
27,127.0.0.1,10011,100.100.0.43,domain006
27,127.0.0.1,10016,100.100.0.44,domain008
27,127.0.0.1,10008,100.100.0.45,domain000
27,127.0.0.1,10016,100.100.0.46,domain019
27,127.0.0.1,10004,100.100.0.48,domain019
27,127.0.0.1,10017,100.100.0.49,domain013
27,127.0.0.1,10014,100.100.0.50,domain011
27,127.0.0.1,10006,100.100.0.51,domain006
27,127.0.0.1,10012,100.100.0.52,domain000
27,127.0.0.1,10019,100.100.0.53,domain019
27,127.0.0.1,10012,100.100.0.54,domain009
27,127.0.0.1,10002,100.100.0.55,domain006
27,127.0.0.1,10012,100.100.0.57,domain007
27,127.0.0.1,10019,100.100.0.58,domain009
27,127.0.0.1,10002,100.100.0.59,domain018
27,127.0.0.1,10014,100.100.0.60,domain001
27,127.0.0.1,10005,100.100.0.61,domain010
27,127.0.0.1,10018,100.100.0.62,domain013
27,127.0.0.1,10014,100.100.0.63,domain011
27,127.0.0.1,10017,100.100.0.64,domain005
27,127.0.0.1,10006,100.100.0.65,domain006
27,127.0.0.1,10006,100.100.0.66,domain013
27,127.0.0.1,10020,100.100.0.67,domain017
27,127.0.0.1,10018,100.100.0.68,domain001
27,127.0.0.1,10001,100.100.0.69,domain012
27,127.0.0.1,10020,100.100.0.70,domain004
27,127.0.0.1,10002,100.100.0.71,domain017
27,127.0.0.1,10002,100.100.0.72,domain012
27,127.0.0.1,10018,100.100.0.73,domain013
27,127.0.0.1,10001,100.100.0.74,domain012
27,127.0.0.1,10014,100.100.0.75,domain016
27,127.0.0.1,10010,100.100.0.76,domain016
27,127.0.0.1,10020,100.100.0.77,domain017
27,127.0.0.1,10005,100.100.0.78,domain012
27,127.0.0.1,10019,100.100.0.79,domain004
27,127.0.0.1,10017,100.100.0.80,domain005
27,127.0.0.1,10003,100.100.0.81,domain008
27,127.0.0.1,10006,100.100.0.82,domain002
27,127.0.0.1,10014,100.100.0.83,domain000
27,127.0.0.1,10015,100.100.0.84,domain002
27,127.0.0.1,10016,100.100.0.85,domain008
27,127.0.0.1,10012,100.100.0.86,domain009
27,127.0.0.1,10019,100.100.0.87,domain004
27,127.0.0.1,10019,100.100.0.88,domain002
27,127.0.0.1,10008,100.100.0.89,domain003
27,127.0.0.1,10016,100.100.0.90,domain014
27,127.0.0.1,10002,100.100.0.91,domain007
27,127.0.0.1,10005,100.100.0.92,domain012
27,127.0.0.1,10017,100.100.0.93,domain015
27,127.0.0.1,10018,100.100.0.96,domain001
27,127.0.0.1,10002,100.100.0.97,domain012
27,127.0.0.1,10002,100.100.0.98,domain018
27,127.0.0.1,10003,100.100.0.99,domain008
28,127.0.0.1,10007,100.100.0.0,domain019
28,127.0.0.1,10004,100.100.0.1,domain016
28,127.0.0.1,10017,100.100.0.2,domain013
28,127.0.0.1,10006,100.100.0.3,domain018
28,127.0.0.1,10014,100.100.0.4,domain016
28,127.0.0.1,10016,100.100.0.5,domain019
28,127.0.0.1,10005,100.100.0.6,domain006
28,127.0.0.1,10011,100.100.0.7,domain006
28,127.0.0.1,10018,100.100.0.8,domain013
28,127.0.0.1,10002,100.100.0.9,domain007
28,127.0.0.1,10009,100.100.0.10,domain011
28,127.0.0.1,10005,100.100.0.11,domain010
28,127.0.0.1,10006,100.100.0.12,domain006
28,127.0.0.1,10001,100.100.0.13,domain003
28,127.0.0.1,10019,100.100.0.14,domain009
28,127.0.0.1,10005,100.100.0.15,domain006
28,127.0.0.1,10001,100.100.0.16,domain007
28,127.0.0.1,10011,100.100.0.17,domain001
28,127.0.0.1,10015,100.100.0.18,domain003
28,127.0.0.1,10002,100.100.0.19,domain012
28,127.0.0.1,10018,100.100.0.20,domain001
28,127.0.0.1,10005,100.100.0.21,domain012
28,127.0.0.1,10014,100.100.0.22,domain001
28,127.0.0.1,10012,100.100.0.23,domain007
28,127.0.0.1,10006,100.100.0.24,domain013
28,127.0.0.1,10017,100.100.0.25,domain016
28,127.0.0.1,10016,100.100.0.26,domain008
28,127.0.0.1,10004,100.100.0.27,domain001
28,127.0.0.1,10016,100.100.0.28,domain008
28,127.0.0.1,10002,100.100.0.29,domain010
28,127.0.0.1,10001,100.100.0.30,domain007
28,127.0.0.1,10002,100.100.0.31,domain006
28,127.0.0.1,10005,100.100.0.32,domain006
28,127.0.0.1,10004,100.100.0.33,domain016
28,127.0.0.1,10008,100.100.0.34,domain014
28,127.0.0.1,10018,100.100.0.35,domain013
28,127.0.0.1,10007,100.100.0.36,domain018
28,127.0.0.1,10019,100.100.0.37,domain002
28,127.0.0.1,10012,100.100.0.38,domain009
28,127.0.0.1,10020,100.100.0.39,domain004
28,127.0.0.1,10015,100.100.0.40,domain018
28,127.0.0.1,10010,100.100.0.41,domain016
28,127.0.0.1,10005,100.100.0.42,domain012
28,127.0.0.1,10005,100.100.0.43,domain006
28,127.0.0.1,10016,100.100.0.44,domain008
28,127.0.0.1,10012,100.100.0.45,domain000
28,127.0.0.1,10004,100.100.0.46,domain019
28,127.0.0.1,10006,100.100.0.47,domain018
28,127.0.0.1,10019,100.100.0.48,domain019
28,127.0.0.1,10018,100.100.0.49,domain013
28,127.0.0.1,10012,100.100.0.50,domain011
28,127.0.0.1,10011,100.100.0.51,domain006
28,127.0.0.1,10003,100.100.0.52,domain000
28,127.0.0.1,10007,100.100.0.53,domain019
28,127.0.0.1,10006,100.100.0.54,domain009
28,127.0.0.1,10006,100.100.0.55,domain006
28,127.0.0.1,10012,100.100.0.57,domain007
28,127.0.0.1,10019,100.100.0.58,domain009
28,127.0.0.1,10015,100.100.0.59,domain018
28,127.0.0.1,10018,100.100.0.60,domain001
28,127.0.0.1,10005,100.100.0.61,domain010
28,127.0.0.1,10017,100.100.0.62,domain013
28,127.0.0.1,10014,100.100.0.63,domain011
28,127.0.0.1,10011,100.100.0.64,domain005
28,127.0.0.1,10005,100.100.0.65,domain006
28,127.0.0.1,10018,100.100.0.66,domain013
28,127.0.0.1,10002,100.100.0.67,domain017
28,127.0.0.1,10011,100.100.0.68,domain001
28,127.0.0.1,10005,100.100.0.69,domain012
28,127.0.0.1,10020,100.100.0.70,domain004
28,127.0.0.1,10002,100.100.0.71,domain017
28,127.0.0.1,10005,100.100.0.72,domain012
28,127.0.0.1,10006,100.100.0.73,domain013
28,127.0.0.1,10020,100.100.0.74,domain012
28,127.0.0.1,10010,100.100.0.75,domain016
28,127.0.0.1,10004,100.100.0.76,domain016
28,127.0.0.1,10016,100.100.0.77,domain017
28,127.0.0.1,10002,100.100.0.78,domain012
28,127.0.0.1,10009,100.100.0.79,domain004
28,127.0.0.1,10017,100.100.0.80,domain005
28,127.0.0.1,10016,100.100.0.81,domain008
28,127.0.0.1,10019,100.100.0.82,domain002
28,127.0.0.1,10008,100.100.0.83,domain000
28,127.0.0.1,10015,100.100.0.84,domain002
28,127.0.0.1,10003,100.100.0.85,domain008
28,127.0.0.1,10019,100.100.0.86,domain009
28,127.0.0.1,10019,100.100.0.87,domain004
28,127.0.0.1,10015,100.100.0.88,domain002
28,127.0.0.1,10009,100.100.0.89,domain003
28,127.0.0.1,10016,100.100.0.90,domain014
28,127.0.0.1,10001,100.100.0.91,domain007
28,127.0.0.1,10001,100.100.0.92,domain012
28,127.0.0.1,10017,100.100.0.93,domain015
28,127.0.0.1,10018,100.100.0.96,domain001
28,127.0.0.1,10005,100.100.0.97,domain012
28,127.0.0.1,10007,100.100.0.98,domain018
28,127.0.0.1,10016,100.100.0.99,domain008
29,127.0.0.1,10019,100.100.0.0,domain019
29,127.0.0.1,10017,100.100.0.1,domain016
29,127.0.0.1,10006,100.100.0.2,domain013
29,127.0.0.1,10006,100.100.0.3,domain018
29,127.0.0.1,10004,100.100.0.4,domain016
29,127.0.0.1,10016,100.100.0.5,domain019
29,127.0.0.1,10005,100.100.0.6,domain006
29,127.0.0.1,10002,100.100.0.7,domain006
29,127.0.0.1,10018,100.100.0.8,domain013
29,127.0.0.1,10002,100.100.0.9,domain007
29,127.0.0.1,10012,100.100.0.10,domain011
29,127.0.0.1,10002,100.100.0.11,domain010
29,127.0.0.1,10011,100.100.0.12,domain006
29,127.0.0.1,10008,100.100.0.13,domain003
29,127.0.0.1,10012,100.100.0.14,domain009
29,127.0.0.1,10011,100.100.0.15,domain006
29,127.0.0.1,10001,100.100.0.16,domain007
29,127.0.0.1,10011,100.100.0.17,domain001
29,127.0.0.1,10009,100.100.0.18,domain003
29,127.0.0.1,10020,100.100.0.19,domain012
29,127.0.0.1,10014,100.100.0.20,domain001
29,127.0.0.1,10005,100.100.0.21,domain012
29,127.0.0.1,10004,100.100.0.22,domain001
29,127.0.0.1,10001,100.100.0.23,domain007
29,127.0.0.1,10018,100.100.0.24,domain013
29,127.0.0.1,10017,100.100.0.25,domain016
29,127.0.0.1,10020,100.100.0.26,domain008
29,127.0.0.1,10011,100.100.0.27,domain001
29,127.0.0.1,10003,100.100.0.28,domain008
29,127.0.0.1,10005,100.100.0.29,domain010
29,127.0.0.1,10001,100.100.0.30,domain007
29,127.0.0.1,10002,100.100.0.31,domain006
29,127.0.0.1,10011,100.100.0.32,domain006
29,127.0.0.1,10004,100.100.0.33,domain016
29,127.0.0.1,10016,100.100.0.34,domain014
29,127.0.0.1,10009,100.100.0.35,domain013
29,127.0.0.1,10002,100.100.0.36,domain018
29,127.0.0.1,10015,100.100.0.37,domain002
29,127.0.0.1,10019,100.100.0.38,domain009
29,127.0.0.1,10020,100.100.0.39,domain004
29,127.0.0.1,10007,100.100.0.40,domain018
29,127.0.0.1,10004,100.100.0.41,domain016
29,127.0.0.1,10001,100.100.0.42,domain012
29,127.0.0.1,10006,100.100.0.43,domain006
29,127.0.0.1,10016,100.100.0.44,domain008
29,127.0.0.1,10012,100.100.0.45,domain000
29,127.0.0.1,10016,100.100.0.46,domain019
29,127.0.0.1,10006,100.100.0.47,domain018
29,127.0.0.1,10016,100.100.0.48,domain019
29,127.0.0.1,10006,100.100.0.49,domain013
29,127.0.0.1,10009,100.100.0.50,domain011
29,127.0.0.1,10002,100.100.0.51,domain006
29,127.0.0.1,10008,100.100.0.52,domain000
29,127.0.0.1,10007,100.100.0.53,domain019
29,127.0.0.1,10006,100.100.0.54,domain009
29,127.0.0.1,10006,100.100.0.55,domain006
29,127.0.0.1,10002,100.100.0.56,domain018
29,127.0.0.1,10012,100.100.0.57,domain007
29,127.0.0.1,10017,100.100.0.58,domain009
29,127.0.0.1,10006,100.100.0.59,domain018
29,127.0.0.1,10004,100.100.0.60,domain001
29,127.0.0.1,10015,100.100.0.61,domain010
29,127.0.0.1,10017,100.100.0.62,domain013
29,127.0.0.1,10009,100.100.0.63,domain011
29,127.0.0.1,10017,100.100.0.64,domain005
29,127.0.0.1,10011,100.100.0.65,domain006
29,127.0.0.1,10009,100.100.0.66,domain013
29,127.0.0.1,10002,100.100.0.67,domain017
29,127.0.0.1,10018,100.100.0.68,domain001
29,127.0.0.1,10005,100.100.0.69,domain012
29,127.0.0.1,10009,100.100.0.70,domain004
29,127.0.0.1,10020,100.100.0.71,domain017
29,127.0.0.1,10002,100.100.0.72,domain012
29,127.0.0.1,10018,100.100.0.73,domain013
29,127.0.0.1,10020,100.100.0.74,domain012
29,127.0.0.1,10017,100.100.0.75,domain016
29,127.0.0.1,10014,100.100.0.76,domain016
29,127.0.0.1,10017,100.100.0.77,domain017
29,127.0.0.1,10002,100.100.0.78,domain012
29,127.0.0.1,10019,100.100.0.79,domain004
29,127.0.0.1,10017,100.100.0.80,domain005
29,127.0.0.1,10011,100.100.0.81,domain008
29,127.0.0.1,10015,100.100.0.82,domain002
29,127.0.0.1,10012,100.100.0.83,domain000
29,127.0.0.1,10006,100.100.0.84,domain002
29,127.0.0.1,10003,100.100.0.85,domain008
29,127.0.0.1,10012,100.100.0.86,domain009
29,127.0.0.1,10009,100.100.0.87,domain004
29,127.0.0.1,10015,100.100.0.88,domain002
29,127.0.0.1,10015,100.100.0.89,domain003
29,127.0.0.1,10008,100.100.0.90,domain014
29,127.0.0.1,10002,100.100.0.91,domain007
29,127.0.0.1,10001,100.100.0.92,domain012
29,127.0.0.1,10006,100.100.0.93,domain015
29,127.0.0.1,10016,100.100.0.94,domain008
29,127.0.0.1,10014,100.100.0.95,domain001
29,127.0.0.1,10004,100.100.0.96,domain001
29,127.0.0.1,10020,100.100.0.97,domain012
29,127.0.0.1,10006,100.100.0.98,domain018
29,127.0.0.1,10020,100.100.0.99,domain008
